{
  "WS": {
    "rank1": 0.5866666666666667,
    "rank5": 0.8022222222222222,
    "mAP": 0.6870672195119879,
    "n_probe": 450,
    "n_gallery": 90
  },
  "BGHT": {
    "rank1": 0.3388888888888889,
    "rank5": 0.6555555555555556,
    "mAP": 0.4880331171825434,
    "n_probe": 180,
    "n_gallery": 60
  },
  "CL": {
    "rank1": 0.34444444444444444,
    "rank5": 0.7777777777777778,
    "mAP": 0.5226336358573201,
    "n_probe": 90,
    "n_gallery": 30
  },
  "MP": {
    "rank1": 0.6666666666666666,
    "rank5": 0.8888888888888888,
    "mAP": 0.7689663520365274,
    "n_probe": 90,
    "n_gallery": 30
  },
  "ALL": {
    "rank1": 0.47178130511463845,
    "rank5": 0.7160493827160493,
    "mAP": 0.5864282878904219,
    "n_probe": 1134,
    "n_gallery": 90
  }
}