{
  "WS": {
    "rank1": 0.5777777777777777,
    "rank5": 0.8155555555555556,
    "mAP": 0.6873184292868568,
    "n_probe": 450,
    "n_gallery": 90
  },
  "BGHT": {
    "rank1": 0.3,
    "rank5": 0.6222222222222222,
    "mAP": 0.4533038153585536,
    "n_probe": 180,
    "n_gallery": 60
  },
  "CL": {
    "rank1": 0.4,
    "rank5": 0.7222222222222222,
    "mAP": 0.5535137185680663,
    "n_probe": 90,
    "n_gallery": 30
  },
  "MP": {
    "rank1": 0.6666666666666666,
    "rank5": 0.9222222222222223,
    "mAP": 0.7723037918871253,
    "n_probe": 90,
    "n_gallery": 30
  },
  "ALL": {
    "rank1": 0.4585537918871252,
    "rank5": 0.7195767195767195,
    "mAP": 0.5808269276806519,
    "n_probe": 1134,
    "n_gallery": 90
  }
}