{
  "WS": {
    "rank1": 0.5777777777777777,
    "rank5": 0.8155555555555556,
    "mAP": 0.6873184292868568,
    "eer": 0.12757802746566793,
    "eer_threshold": 0.00358074915421021,
    "cmc": [
      0.5777777777777777,
      0.6977777777777778,
      0.7555555555555555,
      0.7911111111111111,
      0.8155555555555556,
      0.8444444444444444,
      0.8666666666666667,
      0.8755555555555555,
      0.8822222222222222,
      0.8888888888888888,
      0.9044444444444445,
      0.9111111111111111,
      0.9155555555555556,
      0.9244444444444444,
      0.9266666666666666,
      0.9266666666666666,
      0.9377777777777778,
      0.9444444444444444,
      0.9488888888888889,
      0.9488888888888889
    ],
    "n_probe": 450,
    "n_gallery": 90
  },
  "BGHT": {
    "rank1": 0.3,
    "rank5": 0.6222222222222222,
    "mAP": 0.4533038153585536,
    "eer": 0.217984934086629,
    "eer_threshold": 0.004173235372976736,
    "cmc": [
      0.3,
      0.4388888888888889,
      0.5222222222222223,
      0.6,
      0.6222222222222222,
      0.6611111111111111,
      0.6888888888888889,
      0.6944444444444444,
      0.7444444444444445,
      0.7777777777777778,
      0.7944444444444444,
      0.8111111111111111,
      0.8388888888888889,
      0.8444444444444444,
      0.85,
      0.8611111111111112,
      0.8666666666666667,
      0.8888888888888888,
      0.8944444444444445,
      0.9055555555555556
    ],
    "n_probe": 180,
    "n_gallery": 60
  },
  "CL": {
    "rank1": 0.4,
    "rank5": 0.7222222222222222,
    "mAP": 0.5535137185680663,
    "eer": 0.26762452107279694,
    "eer_threshold": 0.0038131044075653715,
    "cmc": [
      0.4,
      0.5555555555555556,
      0.6222222222222222,
      0.6777777777777778,
      0.7222222222222222,
      0.7777777777777778,
      0.8333333333333334,
      0.8555555555555555,
      0.8777777777777778,
      0.9,
      0.9,
      0.9111111111111111,
      0.9222222222222223,
      0.9333333333333333,
      0.9333333333333333,
      0.9444444444444444,
      0.9444444444444444,
      0.9666666666666667,
      0.9666666666666667,
      0.9777777777777777
    ],
    "n_probe": 90,
    "n_gallery": 30
  },
  "MP": {
    "rank1": 0.6666666666666666,
    "rank5": 0.9222222222222223,
    "mAP": 0.7723037918871253,
    "eer": 0.13984674329501914,
    "eer_threshold": 0.002972743532679102,
    "cmc": [
      0.6666666666666666,
      0.7888888888888889,
      0.8555555555555555,
      0.9111111111111111,
      0.9222222222222223,
      0.9222222222222223,
      0.9222222222222223,
      0.9333333333333333,
      0.9333333333333333,
      0.9444444444444444,
      0.9444444444444444,
      0.9666666666666667,
      0.9666666666666667,
      0.9666666666666667,
      0.9666666666666667,
      0.9777777777777777,
      0.9777777777777777,
      0.9888888888888889,
      0.9888888888888889,
      0.9888888888888889
    ],
    "n_probe": 90,
    "n_gallery": 30
  },
  "ALL": {
    "rank1": 0.4585537918871252,
    "rank5": 0.7195767195767195,
    "mAP": 0.5808269276806519,
    "eer": 0.16543804371519727,
    "eer_threshold": 0.0038700851950201546,
    "cmc": [
      0.4585537918871252,
      0.5828924162257496,
      0.6419753086419753,
      0.6869488536155203,
      0.7195767195767195,
      0.7451499118165785,
      0.7698412698412699,
      0.7874779541446209,
      0.800705467372134,
      0.8174603174603174,
      0.8315696649029982,
      0.843915343915344,
      0.855379188712522,
      0.8686067019400353,
      0.8800705467372134,
      0.8862433862433863,
      0.8985890652557319,
      0.9047619047619048,
      0.9126984126984127,
      0.9153439153439153
    ],
    "n_probe": 1134,
    "n_gallery": 90
  }
}