{
  "WS": {
    "rank1": 0.5488888888888889,
    "rank5": 0.8177777777777778,
    "mAP": 0.6656166057692361,
    "n_probe": 450,
    "n_gallery": 90
  },
  "BGHT": {
    "rank1": 0.28888888888888886,
    "rank5": 0.6666666666666666,
    "mAP": 0.447759654360796,
    "n_probe": 180,
    "n_gallery": 60
  },
  "CL": {
    "rank1": 0.36666666666666664,
    "rank5": 0.7555555555555555,
    "mAP": 0.516920116092111,
    "n_probe": 90,
    "n_gallery": 30
  },
  "MP": {
    "rank1": 0.6555555555555556,
    "rank5": 0.9111111111111111,
    "mAP": 0.7613014654191125,
    "n_probe": 90,
    "n_gallery": 30
  },
  "ALL": {
    "rank1": 0.445326278659612,
    "rank5": 0.7222222222222222,
    "mAP": 0.5683769620620924,
    "n_probe": 1134,
    "n_gallery": 90
  }
}